Varname,Group1,Group2,LowerCI,Difference,UpperCI,p
CLAA,1,2,0.506793491407105,0.640903968925005,0.775014446442905,2.54809920409007e-21
a,1,2,0.00172039371191922,0.00185847487539448,0.00199655603886974,0
c,1,2,-0.00948339712971835,-0.00886972365713223,-0.00825605018454611,0
s_{121},1,2,-7.16852392030499,-4.51186949208227,-1.85521506385955,0.000872745751630157
