Varname,Group1,Group2,LowerCI,Difference,UpperCI,p
CLAA,1,2,1.99909270913087,2.11262478196347,2.22615685479607,0
a,1,2,-0.00147066604817956,-0.00126008284215118,-0.0010494996361228,0
c,1,2,0.0122640851993761,0.0135520354460592,0.0148399856927423,0
s_{121},1,2,-52.6088982136999,-48.8152381953302,-45.0215781769604,0
