Varname,Group1,Group2,LowerCI,Difference,UpperCI,p
CLAA,1,2,1.1847863881745,1.3571674782549,1.5295485683353,0
a,1,2,-0.00236739462326794,-0.00214286962407861,-0.00191834462488929,0
c,1,2,0.0085215331456567,0.00946227824209078,0.0104030233385249,0
s_{121},1,2,-25.3006683510285,-22.8967102713086,-20.4927521915887,0
